feature,ks_statistic,wasserstein_dist
f170,0.16287999999999997,0.16051030336856842
f308,0.14142,0.11978182857513427
f150,0.09037999999999996,0.26273784459590915
f211,0.08048,0.2622979434597492
f623,0.07733999999999996,0.24823574501633638
f986,0.07406000000000001,0.23034467073321344
f327,0.07135999999999998,0.26862897232770916
f12,0.07135999999999998,0.2513794302344322
f551,0.07025999999999999,0.2892750806856155
f955,0.06947999999999999,0.2734791793751717
f355,0.06766000000000005,0.2369336394965649
f19,0.06714000000000009,0.24667924464225766
f198,0.06644,0.24939589851260183
f35,0.06609999999999994,0.23153906942605973
f899,0.06567999999999996,0.23032211199641223
f1019,0.06547999999999998,0.22788115925312039
f430,0.06389999999999996,0.21482741735219948
f671,0.06385999999999997,0.23648405036091805
f120,0.06323999999999996,0.1967027990782261
f96,0.06290000000000001,0.24163169434666634
f554,0.06274000000000002,0.21596519252061847
f539,0.06178000000000006,0.1897061373221874
f871,0.06140000000000001,0.22173255655407909
f619,0.06104000000000004,0.17711884234070777
f733,0.06097999999999998,0.21205210816144945
f853,0.05990000000000001,0.2344140848755836
f615,0.05904000000000009,0.20479661488413808
f704,0.05888000000000004,0.18711860488891602
f504,0.05878,0.2109575438582897
f959,0.05843999999999999,0.19480034992337222
f360,0.05741999999999997,0.17068915706396107
f163,0.05691999999999997,0.21040870526194577
f218,0.05690000000000006,0.19598404649734494
f735,0.05686000000000002,0.15150695662856103
f199,0.05680000000000002,0.1991180707335472
f294,0.056599999999999984,0.22612899882435794
f766,0.05614000000000002,0.20135419230103485
f711,0.05589999999999995,0.17633063755154613
f54,0.05570000000000003,0.18750610875010487
f612,0.05522000000000002,0.17418026465415953
f219,0.05489999999999995,0.1920695363152027
f572,0.05476000000000003,0.18573968953490255
f568,0.05464000000000002,0.19320886055111886
f686,0.05451999999999996,0.20030170641422276
f244,0.054279999999999995,0.18234090130805963
f102,0.054159999999999986,0.19481204139709474
f822,0.054119999999999946,0.20656215514063836
f424,0.05385999999999996,0.14635245824098586
f131,0.05291999999999997,0.1726045116114617
f618,0.05288000000000004,0.2066780708742142
f385,0.052079999999999904,0.15693418873906134
f698,0.052000000000000046,0.17747222994804385
f866,0.05192000000000002,0.1730398152542115
f518,0.0519,0.18744479676961895
f803,0.05186000000000002,0.18250492584109304
f532,0.051559999999999995,0.18082957837343216
f126,0.0514,0.16467463025808332
f86,0.05138000000000009,0.16959377700567246
f573,0.05135999999999996,0.17038721705555915
f774,0.05135999999999996,0.15630292107582094
f208,0.05126000000000003,0.17054407518029213
f484,0.05077999999999999,0.15183058016061785
f720,0.05030000000000007,0.1685933920550346
f125,0.05014000000000002,0.17531017539024352
f680,0.05005999999999999,0.15380541944384574
f937,0.049679999999999946,0.18022913183450703
f639,0.04964000000000002,0.16419255327939986
f485,0.04964000000000002,0.17821760426878935
f276,0.04962,0.17339733353972434
f928,0.049500000000000044,0.1730118262922764
f590,0.04949999999999999,0.17141827700138088
f371,0.049439999999999984,0.20187031776309014
f395,0.049439999999999984,0.1684103694057465
f661,0.04930000000000001,0.18335597267508508
f384,0.04901999999999995,0.15477226102948186
f769,0.048799999999999955,0.16726742514848708
f275,0.048740000000000006,0.18685395323872567
f18,0.048719999999999986,0.17181483513712884
f409,0.048659999999999926,0.1687458579671383
f255,0.04857999999999996,0.15146151252269746
f734,0.04855999999999999,0.13821718030691146
f315,0.04844000000000004,0.17077505461335182
f111,0.048400000000000026,0.18054627472519874
f519,0.04832000000000003,0.16740061811327936
f142,0.04821999999999993,0.16675175157904626
f909,0.04808000000000001,0.14425799772977826
f151,0.04797999999999997,0.16136985478520388
f906,0.047940000000000094,0.17659442456483837
f456,0.04793999999999998,0.16391461391925813
f586,0.047819999999999974,0.14148587914347643
f425,0.047760000000000025,0.15324157075762745
f945,0.047719999999999985,0.1588208705461025
f499,0.04768,0.16112734763383874
f917,0.047619999999999996,0.15973738991618158
f274,0.04758000000000001,0.14034643015265463
f851,0.047240000000000004,0.15732560489058495
f234,0.04683999999999999,0.1370719089663029
f908,0.046619999999999995,0.17013613535046576
f758,0.046520000000000006,0.17420210615277287
f985,0.046499999999999986,0.1761669532096386
f571,0.046499999999999986,0.19656072868466373
f161,0.04624,0.10730440171241759
f868,0.04611999999999994,0.1377914363825321
f377,0.04605999999999999,0.17669519677042964
f389,0.04592000000000007,0.14761117760658263
f952,0.04583999999999999,0.17118284459948535
f423,0.04577999999999999,0.1661964265811443
f13,0.04567999999999994,0.11432816247820857
f1007,0.045599999999999974,0.15195375225663185
f100,0.045499999999999985,0.14033417126178746
f403,0.04536000000000007,0.1459495369529724
f805,0.04529999999999995,0.16711358562469486
f737,0.04501999999999995,0.11070557268261907
f183,0.04498000000000002,0.15778069373726847
f1010,0.044800000000000006,0.14602279908299448
f159,0.04412000000000005,0.1410904076004028
f911,0.044040000000000024,0.14498805403470993
f473,0.044020000000000004,0.14339428269028662
f904,0.04398000000000002,0.15367476478219033
f60,0.04393999999999998,0.13129732283830647
f683,0.04388000000000003,0.15167859593391422
f876,0.04333999999999996,0.1605683551263809
f981,0.043300000000000005,0.15432721599817276
f778,0.04305999999999999,0.14324817001104354
f818,0.04305999999999999,0.14345526586651802
f320,0.04303999999999997,0.11025024086952209
f136,0.04298000000000002,0.12406629459142682
f589,0.04283999999999999,0.13877171046495435
f259,0.042779999999999985,0.1393297434604168
f755,0.04271999999999998,0.12449671859264375
f30,0.04268000000000005,0.16443547940731046
f225,0.04258000000000001,0.14322689370870595
f863,0.04255999999999993,0.1255384329068661
f190,0.04251999999999989,0.1231004277062416
f980,0.04244000000000003,0.13746210570573805
f115,0.04236000000000001,0.12735797251820566
f331,0.04226000000000002,0.15786507378339767
f789,0.04224,0.16219912040591242
f511,0.04221999999999998,0.15113802208065985
f765,0.042200000000000015,0.12949908039450644
f544,0.042099999999999915,0.11041406915664673
f5,0.042039999999999966,0.14145164737343785
f646,0.04191999999999996,0.14412259765625
f580,0.04186000000000001,0.12753578945875163
f844,0.04167999999999994,0.11897339236378669
f857,0.041600000000000026,0.1524253967475891
f459,0.04144000000000003,0.13666346517205238
f210,0.04142000000000001,0.1353319243168831
f537,0.04128000000000004,0.15073462847828864
f36,0.041200000000000014,0.13514559148192407
f957,0.041080000000000005,0.13654319293260575
f567,0.04090000000000005,0.12171341596126556
f76,0.040879999999999916,0.12912604348659515
f624,0.04083999999999993,0.15119563919663428
f37,0.04071999999999998,0.13642931843161585
f135,0.04057999999999995,0.14044764557480813
f834,0.040559999999999985,0.11835677128076552
f588,0.04038000000000003,0.13492420948743822
f89,0.04036000000000006,0.12288466171264646
f791,0.040200000000000014,0.14859352442145346
f565,0.040080000000000005,0.13979931915163993
f927,0.040080000000000005,0.13637876825928688
f842,0.039899999999999936,0.11524931749939919
f182,0.03983999999999999,0.13620375214099883
f817,0.039779999999999927,0.11072978627562524
f824,0.03964000000000001,0.1576530801486969
f823,0.03955999999999993,0.12766495463967323
f330,0.03943999999999992,0.1299255109381676
f123,0.039339999999999986,0.11126443708062175
f654,0.03919999999999996,0.13553607522487643
f747,0.039120000000000044,0.13661421193718912
f164,0.03911999999999993,0.14217547009468076
f358,0.03892000000000001,0.11350591332674029
f428,0.038919999999999955,0.11928376616716385
f556,0.038860000000000006,0.15518273672461502
f256,0.038860000000000006,0.11384865809321401
f669,0.03867999999999999,0.13447377141714095
f467,0.03864000000000001,0.12260333671331404
f354,0.03839999999999999,0.09303728285193444
f1021,0.03799999999999992,0.13754478602528572
f889,0.037959999999999994,0.1272940800046921
f533,0.037959999999999994,0.11346111485242845
f352,0.037800000000000056,0.11512705705046651
f229,0.0378,0.11755980200767518
f743,0.0378,0.09018603871703147
f206,0.037739999999999996,0.12404080835700039
f446,0.03761999999999999,0.12188755087614059
f348,0.03748000000000001,0.08004707275509831
f1002,0.03747999999999996,0.12306635519146916
f788,0.03732000000000002,0.12294227357625963
f25,0.037319999999999964,0.10702964723587033
f317,0.03727999999999998,0.13125799624443057
f634,0.03726000000000007,0.1303934775352478
f870,0.03725999999999996,0.11000584757089611
f684,0.03722000000000003,0.11636138925909999
f368,0.03712000000000004,0.11663186534404753
f994,0.03708,0.14472873071312906
f978,0.03706000000000009,0.10484425078868868
f849,0.03706000000000004,0.1298123416912556
f593,0.03702000000000005,0.13673434316277502
f846,0.03702000000000005,0.11896416870594026
f1011,0.03701999999999994,0.10789805410742759
f950,0.03699999999999992,0.08338481410264971
f569,0.03698000000000001,0.11136310744762418
f510,0.03689999999999993,0.13928337208509445
f944,0.036860000000000004,0.13177318189024928
f417,0.03684000000000004,0.13307334810018542
f410,0.036819999999999964,0.11599119091629982
f839,0.036660000000000026,0.13258549041867254
f15,0.03665999999999997,0.09918641200900075
f729,0.036639999999999895,0.12507064474105833
f606,0.03647999999999996,0.13130725787162784
f505,0.03646000000000005,0.1172386685240269
f46,0.03639999999999999,0.10473611816287036
f351,0.03637999999999997,0.12605576019406317
f548,0.03637999999999997,0.10995517827749249
f610,0.03632000000000002,0.12050878248453142
f3,0.036280000000000034,0.14019925022125246
f795,0.03605999999999998,0.12592367733716964
f640,0.03604000000000007,0.1209564003002643
f168,0.03600000000000003,0.10454451124668122
f344,0.03598000000000001,0.13090124026060104
f297,0.03592000000000006,0.09839076549410819
f811,0.03591999999999995,0.09610000155329704
f620,0.03583999999999998,0.13313408881187436
f357,0.035760000000000014,0.11099800067424774
f397,0.035739999999999994,0.10974663620948794
f920,0.035739999999999994,0.12882838916659356
f738,0.035699999999999954,0.11950483643889424
f641,0.03536000000000006,0.12302108937144278
f860,0.03533999999999998,0.10577633844494821
f47,0.03532000000000002,0.1371036818480492
f784,0.0351999999999999,0.09987097965359687
f332,0.03518000000000002,0.13791102949976916
f934,0.035140000000000005,0.08895773203730584
f193,0.03503999999999996,0.1101735814893246
f454,0.03503999999999996,0.13167163303494453
f988,0.03495999999999999,0.10523159301400178
f555,0.03492000000000001,0.09839787195920942
f343,0.03491999999999995,0.10220455910205839
f386,0.03488000000000002,0.12033999959588049
f314,0.03487999999999997,0.1074595643031597
f798,0.03476000000000001,0.08594548162937166
f726,0.034680000000000044,0.148236880877018
f290,0.034640000000000004,0.11840042648196218
f1006,0.034459999999999935,0.10831175098657601
f575,0.034420000000000006,0.09786219873189926
f664,0.03432000000000002,0.10805644353270528
f347,0.0343,0.10749841473817828
f154,0.0343,0.1075442678630352
f621,0.03405999999999998,0.11192962788105011
f902,0.034040000000000015,0.13416079132676126
f241,0.03395999999999999,0.12467738250613214
f74,0.03393999999999997,0.10891772075891497
f17,0.03384000000000009,0.07760150435447692
f207,0.03371999999999997,0.07623639516115191
f87,0.03368000000000004,0.10910271907687186
f310,0.03367999999999999,0.08897183158516882
f632,0.033560000000000034,0.08981325949430466
f1003,0.03347999999999998,0.10170178820133206
f112,0.033440000000000025,0.10307040027499198
f311,0.033420000000000005,0.10537292290091511
f577,0.033399999999999985,0.08609536282896992
f752,0.033399999999999985,0.11054089336633682
f918,0.033380000000000076,0.1023589420568943
f900,0.033360000000000056,0.10039952304124833
f221,0.03322000000000003,0.11236407764434811
f616,0.03320000000000001,0.0973583439004421
f422,0.03317999999999999,0.11943328994393348
f961,0.03316000000000002,0.1183333653986454
f931,0.03315999999999997,0.09759961336255076
f835,0.032899999999999985,0.1269278728699684
f998,0.03286,0.09751188752532004
f55,0.03271999999999997,0.10270962710857388
f128,0.03270000000000006,0.09262481650471684
f305,0.03268000000000004,0.1166689455342293
f987,0.03254000000000001,0.10412225518703458
f745,0.032379999999999964,0.08863422771215437
f1023,0.032360000000000055,0.1021956233155727
f292,0.032320000000000015,0.101149834651947
f253,0.032259999999999955,0.10730636492490767
f266,0.032220000000000026,0.11826976448059083
f481,0.03210000000000002,0.11542722756385801
f238,0.03202000000000005,0.1091705921781063
f649,0.03198000000000001,0.07604934900522231
f289,0.03195999999999999,0.09647071625351904
f897,0.03193999999999997,0.1254731755566597
f898,0.031919999999999976,0.08469498177170756
f790,0.03191999999999995,0.09978828207015991
f20,0.03178,0.11375030896067619
f408,0.031779999999999975,0.09729719180345532
f444,0.03177999999999992,0.08023326920032503
f809,0.03176000000000001,0.09209898310661319
f220,0.03176000000000001,0.12472338866472245
f184,0.03173999999999999,0.10320170952796939
f782,0.03167999999999993,0.08158130315542224
f180,0.03164,0.09742520007133483
f1008,0.03156000000000003,0.07747534572005271
f938,0.03155999999999992,0.07646765187859533
f155,0.03151999999999999,0.11085586511373519
f693,0.03149999999999997,0.09661976499319078
f708,0.03145999999999999,0.11795476050019262
f138,0.03138000000000002,0.11592281428456307
f367,0.03128000000000003,0.08745842867493632
f914,0.03128000000000003,0.09913617458820341
f596,0.031240000000000018,0.10040438493132592
f435,0.031159999999999966,0.10995752808690071
f563,0.031140000000000057,0.09225867751479148
f601,0.031120000000000037,0.09124654279708859
f21,0.031120000000000037,0.08352912006616592
f547,0.031100000000000017,0.07062029086470603
f445,0.031040000000000012,0.09019906532526015
f516,0.030980000000000008,0.08792683555722232
f247,0.030959999999999988,0.10473228113770486
f545,0.030959999999999988,0.10487836561083796
f48,0.03092000000000006,0.10144452232360841
f336,0.03076000000000001,0.10965626854896543
f933,0.030620000000000036,0.12195759434461592
f268,0.03051999999999999,0.09226509639620782
f333,0.03049999999999997,0.0979090169751644
f721,0.030480000000000007,0.07690435894846918
f800,0.030439999999999967,0.09033447310209276
f390,0.030220000000000025,0.09679308969259261
f32,0.030220000000000025,0.10405344872236254
f383,0.030200000000000005,0.08910822635173797
f158,0.030200000000000005,0.1103096460187435
f264,0.03014,0.10594388000249866
f951,0.030100000000000016,0.10223202966213227
f421,0.03006000000000003,0.09147961643099782
f878,0.029920000000000002,0.09057078096985816
f272,0.029919999999999947,0.09320209795951842
f942,0.029899999999999982,0.0816731388616562
f872,0.029880000000000018,0.08267867533445358
f71,0.02978000000000003,0.08823075396180148
f574,0.02978000000000003,0.08649439004063607
f679,0.02976000000000001,0.07104742348790165
f361,0.02973999999999999,0.09495428437948224
f617,0.029700000000000004,0.11742641763687135
f642,0.02964,0.08246585136890411
f322,0.02956000000000003,0.08383788799047472
f185,0.029559999999999975,0.09187665876626969
f1014,0.02951999999999999,0.09540298623085021
f584,0.02949999999999997,0.08067586730122564
f1013,0.02949999999999997,0.08483776345610616
f175,0.02942,0.09515351594805718
f116,0.029380000000000017,0.1147662006509304
f653,0.029340000000000033,0.11767589382529257
f673,0.029320000000000013,0.09310210154652597
f847,0.029279999999999973,0.10388063553333284
f770,0.029239999999999988,0.06350102460861205
f105,0.029200000000000004,0.09248999222397804
f318,0.02914,0.07364052789688114
f659,0.029119999999999924,0.1041298163175583
f63,0.029079999999999995,0.08990670884847643
f838,0.02899999999999997,0.07700085787534715
f830,0.028999999999999915,0.10061524385690686
f269,0.028959999999999986,0.07650065442919736
f26,0.02892,0.09620211846470829
f939,0.028859999999999997,0.08361628674149513
f11,0.028839999999999977,0.07835359875679013
f521,0.028799999999999992,0.10606935785889626
f299,0.028780000000000028,0.0728156060099602
f926,0.028760000000000008,0.0829031536090374
f345,0.028720000000000023,0.08067921228885651
f776,0.028720000000000023,0.0745140412580967
f460,0.02864,0.09010442742347718
f968,0.02856000000000003,0.08766611905932423
f108,0.028560000000000002,0.09843520459413532
f217,0.02854000000000001,0.08521512638330456
f730,0.02854000000000001,0.09552417276859285
f288,0.02842,0.07684729220747948
f486,0.02839999999999998,0.0655400421285629
f201,0.02839999999999998,0.08470785916686056
f744,0.028380000000000072,0.08649533451557158
f816,0.028340000000000032,0.09423788976550102
f117,0.028240000000000043,0.10403975893020632
f701,0.028220000000000023,0.09215880194664004
f633,0.028219999999999995,0.08490644550919531
f419,0.028200000000000003,0.07752188022375106
f235,0.028100000000000014,0.08936433801293367
f50,0.028100000000000014,0.08468122648358348
f700,0.028080000000000105,0.10845163658261302
f697,0.028079999999999994,0.08611310282588003
f566,0.02804000000000001,0.07488946392178535
f432,0.027980000000000005,0.09080270000100132
f923,0.027939999999999965,0.0851834836268425
f794,0.02792,0.08244970092773438
f503,0.027919999999999945,0.09409319919586179
f643,0.027919999999999945,0.09009964495182035
f858,0.02789999999999998,0.0818761378610134
f82,0.02784000000000003,0.07512006331324575
f378,0.027839999999999976,0.08288667958498001
f236,0.027700000000000058,0.06678864036440847
f935,0.027700000000000058,0.08145290559053421
f2,0.027660000000000018,0.1027301564383507
f594,0.027639999999999998,0.08080505599260326
f749,0.027639999999999998,0.08261897126197817
f192,0.027619999999999978,0.08882535588145254
f167,0.027619999999999978,0.0904889931535721
f608,0.027619999999999978,0.09062397145032881
f98,0.027600000000000013,0.07656898314118385
f699,0.02750000000000008,0.07853821069836613
f169,0.027500000000000024,0.09230664208769795
f171,0.02748000000000006,0.08628625556826586
f129,0.027480000000000004,0.0786963347268105
f1004,0.02746000000000004,0.09605227539300921
f291,0.027440000000000075,0.07376186841487886
f22,0.02744000000000002,0.07330829981803895
f605,0.02743999999999991,0.08471932238698004
f707,0.02739999999999998,0.07410010921955107
f194,0.02739999999999998,0.09777312414288522
f464,0.02732000000000001,0.06851636576294898
f508,0.02730000000000002,0.08364378366351127
f260,0.02727999999999997,0.1123573683595657
f172,0.02727999999999997,0.05654923739433287
f695,0.027159999999999962,0.09077359583973883
f970,0.027139999999999997,0.082140397452116
f370,0.027039999999999953,0.0720935631144047
f429,0.02694000000000002,0.07521406413793566
f581,0.02689999999999998,0.09354076645970344
f480,0.026880000000000015,0.07671984759092332
f475,0.026880000000000015,0.09419482212066652
f767,0.026800000000000046,0.06860686643958092
f781,0.026800000000000046,0.07643802273511885
f976,0.026739999999999986,0.07278067167162894
f538,0.02667999999999998,0.08330120358467102
f346,0.026660000000000017,0.0896325073504448
f706,0.026639999999999997,0.08546394100785254
f833,0.026580000000000048,0.07976375458955764
f375,0.026579999999999993,0.06499823107004166
f476,0.026560000000000028,0.10597420153975486
f525,0.026560000000000028,0.07505308355927467
f754,0.026519999999999988,0.08228532224893566
f880,0.026480000000000004,0.08305730640649792
f672,0.026459999999999928,0.07777753410577773
f602,0.02644000000000002,0.07394601366758344
f339,0.02642,0.06353211058974265
f197,0.02642,0.08626372570753102
f831,0.02642,0.07919465046167373
f506,0.02636000000000005,0.09240174813508985
f400,0.02635999999999994,0.07878912710785868
f719,0.02635999999999994,0.07856040944099424
f1012,0.026339999999999975,0.060298273584842695
f477,0.02632000000000001,0.09725715887427329
f362,0.02622000000000002,0.06267382292509077
f379,0.0262,0.07486856136322023
f103,0.0262,0.06390023833274844
f874,0.02617999999999998,0.06218441968560218
f177,0.02617999999999998,0.06054543392658229
f856,0.02606,0.07928965900897976
f883,0.026039999999999952,0.0683614080250263
f528,0.025980000000000003,0.08215256064653388
f349,0.025980000000000003,0.07000455366730689
f335,0.025820000000000065,0.06725716907620433
f83,0.025720000000000076,0.07585125071167946
f585,0.025639999999999996,0.08838290699243549
f200,0.025619999999999976,0.06262332343101507
f546,0.025560000000000027,0.0841256121468544
f205,0.025540000000000007,0.071527733399868
f1020,0.025540000000000007,0.09053050720930096
f398,0.025520000000000098,0.06419006765246393
f887,0.025499999999999967,0.08499597281098364
f712,0.025460000000000038,0.07210409623861312
f282,0.025399999999999978,0.08392885125756264
f501,0.025399999999999978,0.07706117914676666
f388,0.0253000000000001,0.07081818452596665
f655,0.02525999999999995,0.06464773198127743
f760,0.025240000000000012,0.07013067334890369
f702,0.025219999999999992,0.06314708082437513
f442,0.025219999999999965,0.08609136898517607
f334,0.02517999999999998,0.08605958137154573
f910,0.02517999999999998,0.07561557576298711
f775,0.02512000000000003,0.07892197863817217
f731,0.02511999999999992,0.09473483187079429
f497,0.02507999999999999,0.07082410030841829
f681,0.02505999999999997,0.06559830518603323
f604,0.02505999999999997,0.06591892279386521
f178,0.025000000000000022,0.07484667512536052
f134,0.02499999999999991,0.07276845205903051
f648,0.024940000000000018,0.09127345081686977
f399,0.024919999999999942,0.09682470819234842
f975,0.024919999999999942,0.09237533739089962
f956,0.024880000000000013,0.05929868953108783
f232,0.024859999999999993,0.0805157821249962
f1005,0.024859999999999993,0.07582118660926816
f482,0.024820000000000064,0.08742346139788627
f88,0.024780000000000024,0.08586594498276712
f599,0.024760000000000004,0.059934564414024324
f810,0.024739999999999984,0.06578342097997664
f418,0.024719999999999964,0.07056158182382583
f949,0.0247,0.06868823365569114
f78,0.024660000000000015,0.06210254473328587
f666,0.024619999999999975,0.07223451723456384
f189,0.024540000000000006,0.07057570084571839
f24,0.024540000000000006,0.08241199334383013
f757,0.024540000000000006,0.08762503467202187
f764,0.024499999999999994,0.07068214505195619
f768,0.024499999999999966,0.05871304681777953
f457,0.024499999999999966,0.058423005878925315
f202,0.024399999999999977,0.052968494396209695
f326,0.02434000000000003,0.06291492963433269
f401,0.024339999999999973,0.0771952091062069
f723,0.02429999999999999,0.050335063169002534
f993,0.02426000000000006,0.07598882625818255
f31,0.024239999999999984,0.06665674418807029
f41,0.024239999999999984,0.0627573548054695
f925,0.02422000000000002,0.07324802221536636
f724,0.0242,0.0742319982397556
f626,0.0242,0.08605853977322579
f974,0.02417999999999998,0.058331825995445244
f173,0.024139999999999995,0.08571999943494796
f1022,0.02413999999999994,0.0688868041694164
f559,0.02412000000000003,0.05562325608849528
f85,0.024119999999999975,0.08707359770655632
f92,0.02407999999999999,0.05720926007151607
f647,0.024040000000000006,0.07789772903800014
f448,0.023880000000000012,0.08808842599630348
f469,0.023880000000000012,0.06361871655225754
f583,0.023800000000000043,0.07353453955292694
f534,0.023780000000000023,0.06651197138786313
f313,0.023780000000000023,0.06374037761092186
f453,0.023760000000000003,0.06494085478067393
f242,0.023639999999999994,0.06612835105657577
f285,0.023620000000000085,0.0710796065092087
f141,0.02360000000000001,0.06218422870755197
f875,0.02357999999999999,0.06641421449303624
f124,0.023560000000000025,0.062382937797307976
f148,0.023559999999999998,0.08216879104852678
f685,0.023519999999999985,0.06739273818969725
f667,0.023519999999999985,0.06868715314149854
f843,0.023499999999999993,0.08532553040981296
f550,0.02343999999999996,0.08150247591495514
f727,0.023340000000000027,0.08023340352177619
f226,0.023299999999999987,0.058645201730728146
f312,0.023299999999999987,0.07157714300990102
f80,0.023280000000000023,0.07682656633973123
f286,0.023279999999999967,0.06567757874369622
f670,0.02324000000000004,0.07588797025680541
f415,0.02322000000000002,0.08847442829608916
f827,0.02322000000000002,0.05464249023675918
f29,0.02322000000000002,0.06987465565443035
f380,0.02315999999999996,0.06843364545702932
f740,0.02312000000000003,0.058058806679248835
f281,0.023040000000000005,0.06710708653450012
f530,0.02303999999999995,0.06508711486577987
f891,0.02303999999999995,0.07523122401595117
f561,0.023019999999999985,0.06526460844635963
f439,0.023019999999999985,0.06686690500020982
f493,0.02300000000000002,0.06802851830244067
f645,0.022999999999999965,0.0720233700859547
f466,0.02293999999999996,0.051896467825174326
f70,0.02290000000000003,0.0677398827779293
f607,0.022860000000000047,0.05023355216622348
f865,0.022840000000000027,0.07470851566076275
f471,0.022820000000000062,0.06590487143278119
f948,0.02279999999999993,0.0660439421236515
f267,0.022740000000000038,0.06695863113164903
f438,0.022679999999999978,0.06593087696313857
f916,0.022660000000000013,0.07141298655748371
f892,0.022660000000000013,0.06358306280255316
f854,0.022639999999999993,0.07378087036252019
f905,0.022559999999999997,0.05487243316292764
f328,0.022540000000000004,0.07775019358515738
f127,0.022399999999999975,0.07273644089221952
f841,0.022399999999999975,0.06816081318497656
f359,0.022320000000000007,0.06944049766182898
f53,0.022199999999999998,0.05478042547821997
f283,0.022199999999999998,0.053926231298446654
f656,0.022180000000000005,0.0752811246430874
f881,0.022159999999999958,0.05772265916466708
f490,0.02214000000000002,0.054916081577539466
f133,0.022139999999999993,0.055495320000648496
f441,0.022119999999999973,0.059771751670837425
f298,0.02206000000000008,0.061617670707702625
f886,0.02195999999999998,0.07245947983503337
f146,0.021939999999999987,0.06994644838094713
f341,0.021919999999999995,0.07976039567589759
f759,0.021919999999999995,0.06921153796672819
f321,0.021899999999999975,0.04859048826098442
f338,0.02188000000000001,0.04294296995878219
f323,0.02181999999999995,0.05667315768718718
f932,0.02178000000000002,0.06743815052866937
f472,0.02178000000000002,0.06775603749990464
f813,0.02176,0.07334408047556873
f513,0.021740000000000093,0.06628167258143423
f792,0.02173999999999998,0.06431384398937226
f152,0.021720000000000073,0.06353367040514946
f560,0.021680000000000033,0.05255155165076251
f75,0.021620000000000028,0.06199330857038501
f636,0.021600000000000008,0.05677211329340932
f7,0.021519999999999984,0.06006858946204178
f650,0.02148,0.06113633288860323
f265,0.021460000000000035,0.06822037398219113
f657,0.021419999999999995,0.06883887771844861
f374,0.021399999999999975,0.05555256350517272
f500,0.02133999999999997,0.08166164283394814
f118,0.021320000000000006,0.06696344327211379
f278,0.021320000000000006,0.05730445375084878
f64,0.021300000000000013,0.0498856386911869
f149,0.021279999999999993,0.04917935931324955
f912,0.021260000000000057,0.07383834356904034
f143,0.02121999999999996,0.07806759169697758
f262,0.021199999999999997,0.0703133137369156
f690,0.021180000000000032,0.07353975298404689
f42,0.021160000000000068,0.04997372130990027
f426,0.021139999999999937,0.05285316777110104
f376,0.021120000000000028,0.05641563300013539
f52,0.021100000000000008,0.06673023712158205
f414,0.021079999999999988,0.07279622019529342
f535,0.021060000000000023,0.05447998358607294
f404,0.02098,0.0659582265532017
f56,0.02093999999999996,0.06892286032199857
f512,0.02090000000000003,0.06340227222681041
f104,0.020879999999999982,0.062320873956680255
f748,0.020820000000000005,0.0587006560111046
f176,0.02080000000000004,0.06418198531627653
f81,0.020799999999999985,0.043274458029270185
f946,0.02078000000000002,0.06371084782242777
f903,0.02072000000000007,0.04772626276373864
f718,0.02070000000000005,0.05997334311842918
f635,0.02067999999999992,0.046038393396139174
f515,0.020640000000000047,0.06907292958855629
f296,0.020580000000000043,0.06014476126432418
f373,0.020579999999999987,0.06055476769924164
f433,0.020499999999999963,0.0681656090629101
f382,0.020479999999999943,0.05168095938920976
f61,0.02040000000000003,0.05712320685029031
f682,0.02038000000000001,0.05599394224405287
f474,0.020360000000000045,0.06027902785778046
f166,0.020320000000000005,0.04753923442721365
f536,0.02026,0.0524028036534786
f709,0.020259999999999945,0.045691497789621296
f562,0.020259999999999945,0.0493803436267376
f394,0.020240000000000036,0.05142678639888763
f553,0.02023999999999998,0.07177609509468079
f689,0.020200000000000023,0.05725242258071902
f936,0.020199999999999996,0.06267924952864644
f450,0.020120000000000027,0.05917596835017201
f825,0.020079999999999987,0.06996072950959203
f971,0.020079999999999987,0.05943808446049689
f514,0.020060000000000022,0.067232616904974
f33,0.020039999999999947,0.05180086828827857
f478,0.020039999999999947,0.06160812587618827
f72,0.020020000000000038,0.056619032391309734
f271,0.020020000000000038,0.0451628185141087
f353,0.020020000000000038,0.06421736177802084
f66,0.020000000000000018,0.05415584164500234
f487,0.019979999999999998,0.0609688912200928
f960,0.019979999999999998,0.06935392126798628
f203,0.01990000000000003,0.05615830370426175
f527,0.01988000000000001,0.05739859459519383
f254,0.019839999999999997,0.05791012062311168
f67,0.01979999999999993,0.06881841273188588
f564,0.01978000000000002,0.05638212336540225
f411,0.01974000000000009,0.04813308260440829
f243,0.019700000000000023,0.055331265261173226
f692,0.01969999999999994,0.06749725966095921
f95,0.01966000000000001,0.051505502668619155
f437,0.01966000000000001,0.05819609200119967
f630,0.0196599999999999,0.057286910829544055
f245,0.01963999999999999,0.0406039155519009
f57,0.019620000000000082,0.06034506126523019
f595,0.019580000000000014,0.05492033120393754
f119,0.019560000000000022,0.054752016185522084
f250,0.019460000000000033,0.05184946401000021
f468,0.019440000000000013,0.04870896607041361
f652,0.019380000000000064,0.055719763798713705
f783,0.01938000000000001,0.054649217190742505
f873,0.019320000000000004,0.05143156604766846
f28,0.019320000000000004,0.05944003711223602
f631,0.01930000000000001,0.06409999921441079
f882,0.019280000000000075,0.057625918979644766
f855,0.019279999999999964,0.04126651587367057
f761,0.01926,0.059901410042047507
f113,0.019240000000000007,0.05545579791188242
f678,0.019239999999999924,0.05117840998530388
f91,0.01921999999999996,0.055234376611709594
f14,0.01913999999999999,0.0633462078118324
f579,0.019100000000000006,0.049124423843622186
f674,0.019060000000000077,0.05260620835900309
f191,0.019020000000000037,0.05531502565383911
f592,0.019019999999999926,0.04300785401344297
f284,0.019000000000000017,0.06614324205160144
f979,0.018979999999999997,0.05198837080001831
f279,0.018979999999999997,0.04390124453544619
f806,0.018960000000000088,0.06113211689829824
f132,0.018959999999999977,0.04432631818532944
f983,0.018880000000000008,0.052378409302234655
f992,0.01877999999999999,0.0517391312396526
f434,0.01876,0.04931976572751995
f739,0.01876,0.06340450382351874
f300,0.01873999999999998,0.062302944689989107
f165,0.01870000000000005,0.0664226188528538
f94,0.01866000000000001,0.057394352859258604
f828,0.01863999999999999,0.048849676953554126
f277,0.01861999999999997,0.05528429059028629
f984,0.018579999999999985,0.05038444670915607
f16,0.018520000000000036,0.03500774957656864
f301,0.018480000000000052,0.06488854893326756
f212,0.018440000000000012,0.04831060738801953
f966,0.018419999999999992,0.05083002530455588
f958,0.018419999999999992,0.04970871159791947
f929,0.018320000000000003,0.05053219140172002
f779,0.018320000000000003,0.07360733363747599
f407,0.018299999999999983,0.057932602969408054
f443,0.018299999999999983,0.049763338335752444
f1016,0.018220000000000014,0.05094266715168953
f814,0.018199999999999994,0.051478755431175215
f627,0.018120000000000025,0.06992260727524757
f462,0.018100000000000005,0.06403138442397117
f204,0.01806000000000002,0.053983289293050754
f230,0.018020000000000036,0.040049255790710434
f977,0.018019999999999925,0.05238703243732451
f287,0.018000000000000016,0.046417504038810745
f45,0.018000000000000016,0.05946541975498201
f324,0.017939999999999956,0.056471156597137445
f106,0.017900000000000027,0.05799547490358346
f491,0.0179,0.05092672279477118
f549,0.017880000000000007,0.04895559424042702
f144,0.017859999999999987,0.053100586156845105
f921,0.017839999999999967,0.05079013452649117
f8,0.017820000000000058,0.05438802391886715
f696,0.017740000000000034,0.05296032843947411
f489,0.017739999999999978,0.04353632799625394
f815,0.017719999999999958,0.0557448203587532
f240,0.017699999999999938,0.043288306127786655
f705,0.01768000000000003,0.047253417997360214
f967,0.01765999999999998,0.04076959982395171
f188,0.01763999999999999,0.05808060604333875
f93,0.017620000000000025,0.044552847441434916
f864,0.01758000000000004,0.059730679497718826
f387,0.01756000000000002,0.05772823079109194
f829,0.01749999999999996,0.05664443742990494
f710,0.017479999999999996,0.05613657927632332
f337,0.01741999999999999,0.04995903426527974
f209,0.01741999999999999,0.038568076782226554
f319,0.017360000000000042,0.051709128367900835
f43,0.017340000000000022,0.04812910220146179
f879,0.017340000000000022,0.043807704448699955
f406,0.017320000000000002,0.052964608708620034
f223,0.017320000000000002,0.05390896601319315
f1000,0.017299999999999982,0.050499581915140146
f38,0.017280000000000018,0.053679201894998585
f213,0.017260000000000053,0.051115082296133034
f342,0.017240000000000033,0.04690582680463788
f751,0.017240000000000033,0.039101527533531175
f452,0.017199999999999993,0.05408461297750477
f496,0.017180000000000084,0.0439343273448944
f797,0.017140000000000044,0.06271694984793665
f249,0.017140000000000044,0.05657607099175456
f369,0.017120000000000024,0.052389187874793984
f413,0.017079999999999984,0.039471902725696555
f179,0.017079999999999984,0.043468226499557526
f802,0.01706000000000002,0.03846843565225601
f479,0.016999999999999904,0.05395092076063155
f502,0.016919999999999935,0.05284746013283727
f517,0.016880000000000006,0.052868591082096086
f222,0.016799999999999926,0.03954447734713554
f989,0.016780000000000017,0.04728642672657972
f160,0.016779999999999906,0.0468598134970665
f717,0.016740000000000005,0.04988460081934928
f391,0.016719999999999957,0.054510788912773125
f59,0.016719999999999957,0.047490037267208074
f498,0.016699999999999937,0.05342062938928606
f455,0.016679999999999973,0.04970145490527153
f6,0.016619999999999968,0.04786662487149239
f964,0.01655999999999999,0.05371408471822734
f663,0.01654,0.04915180387496948
f114,0.01646000000000003,0.04999489932656289
f251,0.016460000000000002,0.03820978907704356
f996,0.01641999999999999,0.03297300099968911
f458,0.01641999999999999,0.038221877577304816
f808,0.01639999999999997,0.04706901957154272
f97,0.01638000000000006,0.05345280977964401
f662,0.016380000000000006,0.040137511886358286
f771,0.016359999999999986,0.05547717543959616
f763,0.01634000000000002,0.05053235303163529
f715,0.01630000000000001,0.033126565061807646
f578,0.01629999999999998,0.04812953203201296
f896,0.016240000000000032,0.061037700179815274
f786,0.016220000000000012,0.03564182989835739
f799,0.016220000000000012,0.04323477366805075
f675,0.016179999999999972,0.04292409628748894
f821,0.01606000000000002,0.04360403366208074
f231,0.01606000000000002,0.03677934663772582
f147,0.01605999999999999,0.054689909377098084
f941,0.016020000000000006,0.05443358804821967
f922,0.016000000000000014,0.0340360133385658
f77,0.01591999999999999,0.057374194632768646
f787,0.015900000000000025,0.04675318637609479
f122,0.01589999999999997,0.033688381038904196
f101,0.015880000000000005,0.05630136587381358
f611,0.015880000000000005,0.04238704811334609
f261,0.01586,0.03734621903777126
f587,0.015859999999999985,0.05300402122974395
f600,0.015859999999999985,0.06338171204090118
f365,0.01579999999999998,0.04288582599163056
f552,0.0156400000000001,0.041800759087800954
f10,0.015600000000000003,0.037935176802873574
f303,0.015599999999999947,0.04720538747906679
f658,0.015560000000000004,0.047859057015180596
f832,0.015540000000000012,0.03624661300659182
f793,0.01546000000000003,0.05074595785021785
f894,0.015380000000000005,0.04199336342096327
f665,0.01537999999999995,0.04661685595512392
f495,0.01535999999999993,0.04902566358685492
f637,0.015279999999999988,0.04590089442968368
f90,0.015240000000000031,0.049473232408761975
f99,0.015199999999999991,0.043720151493549304
f826,0.015159999999999951,0.04721375434875486
f756,0.015159999999999951,0.03989658434391023
f58,0.015120000000000022,0.04827265060424807
f73,0.015100000000000002,0.03889459310173988
f953,0.015059999999999962,0.045815872013568834
f109,0.015020000000000033,0.03962605930924417
f228,0.015000000000000013,0.046598455016613013
f248,0.014979999999999993,0.04562822669744492
f68,0.014979999999999993,0.03549841945528988
f885,0.014960000000000084,0.05334306852817536
f461,0.014960000000000001,0.045124710297584525
f629,0.014920000000000044,0.04747584142684939
f862,0.014900000000000024,0.05696386042475701
f785,0.014839999999999964,0.031646027278900174
f1,0.014839999999999964,0.053461662769317644
f137,0.014820000000000055,0.05102721354126928
f820,0.014820000000000055,0.046721522423028926
f877,0.01482,0.03755557909965517
f494,0.014759999999999995,0.04624030978560444
f402,0.014759999999999995,0.03426991770625117
f819,0.014759999999999995,0.04123562315106394
f780,0.014759999999999995,0.029234186152219722
f449,0.01474000000000003,0.0424606328892708
f907,0.014700000000000046,0.047039099509716006
f869,0.014659999999999992,0.04875602442383763
f861,0.01465999999999995,0.043708331527709976
f625,0.014639999999999986,0.042769074987173084
f668,0.014619999999999966,0.043372760658264134
f836,0.014599999999999946,0.04210740804791449
f888,0.014560000000000017,0.03706997466921805
f772,0.014540000000000053,0.04324641435623171
f440,0.014539999999999997,0.03868101803541184
f558,0.014500000000000013,0.04000110089778897
f520,0.014500000000000013,0.04300398007869718
f598,0.014480000000000048,0.037748514285087575
f509,0.014479999999999993,0.05217401791930198
f488,0.014479999999999937,0.0436884497439861
f1015,0.014460000000000028,0.03676261229515076
f325,0.014419999999999988,0.04483097569704056
f280,0.01440000000000001,0.055695749856233594
f393,0.01438000000000006,0.043249654619693774
f84,0.014359999999999928,0.045609588985443095
f522,0.01434000000000002,0.04203596403002738
f867,0.01432,0.03769950683712959
f139,0.01428000000000007,0.04333048349976536
f363,0.014259999999999995,0.04189449297785762
f591,0.014259999999999995,0.04626758853673935
f470,0.01419999999999999,0.041880130234956785
f237,0.014160000000000061,0.03127116702556609
f307,0.014079999999999981,0.05609662558317187
f837,0.014059999999999961,0.05124353106617926
f913,0.013999999999999985,0.0386509466814995
f329,0.013920000000000043,0.025277177268266667
f392,0.013880000000000003,0.05403971556305884
f427,0.013880000000000003,0.049585552742481234
f901,0.013859999999999983,0.047278856904506714
f252,0.013819999999999999,0.029557626146078132
f195,0.013819999999999999,0.0410726919960976
f893,0.013780000000000014,0.029362811138629912
f732,0.01376000000000005,0.03464444218516348
f233,0.013760000000000008,0.039802974101305004
f746,0.013719999999999996,0.05215557562232014
f613,0.013679999999999914,0.03750297311186795
f526,0.01364,0.041167470232248336
f364,0.013600000000000056,0.04696591753840443
f999,0.013540000000000052,0.03618618646979336
f39,0.013539999999999996,0.03198811300754544
f483,0.013539999999999941,0.04643936012864113
f804,0.013520000000000088,0.03719471989512443
f750,0.013380000000000003,0.03519411435484884
f753,0.013379999999999947,0.039523969546556466
f65,0.013340000000000019,0.03448950906515118
f859,0.013340000000000019,0.02287693439602851
f273,0.013340000000000005,0.04740161155343055
f924,0.01333999999999999,0.044074461134672165
f963,0.013319999999999999,0.03870305542588232
f969,0.013280000000000014,0.04340162207126616
f694,0.01328,0.041422708643674824
f420,0.01319999999999999,0.03501205004215239
f982,0.013160000000000005,0.043199851566553114
f381,0.01312000000000002,0.03529919302225113
f196,0.01312000000000002,0.03273723228812218
f812,0.01312000000000002,0.03012959238648415
f306,0.01312000000000002,0.05552343546986576
f638,0.013080000000000036,0.03640694726109505
f676,0.013060000000000016,0.0480324834382534
f0,0.013019999999999976,0.03754179940223697
f451,0.013000000000000012,0.04511291719675065
f524,0.013000000000000012,0.03286377496719359
f852,0.012979999999999992,0.030636945886611953
f762,0.012940000000000007,0.05585289404988288
f492,0.012900000000000023,0.037484574186801914
f258,0.012840000000000074,0.03704863802313806
f614,0.012800000000000034,0.033144481879472734
f540,0.012799999999999978,0.03639538906097417
f576,0.012780000000000014,0.03898607672929763
f687,0.012759999999999994,0.039357213114500036
f736,0.012759999999999994,0.02550289920806882
f962,0.012740000000000008,0.03574285414934156
f174,0.012720000000000009,0.038113223336935016
f372,0.012719999999999954,0.04022103107333178
f954,0.012680000000000025,0.04362770902991294
f703,0.012680000000000025,0.03688681054949759
f302,0.012640000000000012,0.023104718748331088
f107,0.012619999999999992,0.03737385378122332
f145,0.01257999999999998,0.03165333451032637
f153,0.012560000000000016,0.03696970248460772
f940,0.012499999999999956,0.035529234447479234
f270,0.012479999999999991,0.038968628991842245
f44,0.012440000000000007,0.04321012228488925
f79,0.012440000000000007,0.032203455196619026
f972,0.012440000000000007,0.031954497119188276
f121,0.012420000000000098,0.026786445341110222
f603,0.012399999999999994,0.03704669962048532
f23,0.012379999999999947,0.03254110829949377
f848,0.012319999999999998,0.04520717418432235
f609,0.012239999999999918,0.0356154599225521
f973,0.012180000000000024,0.03526718223571773
f543,0.01214000000000004,0.04166794472694401
f69,0.012119999999999964,0.034419681060314185
f895,0.0121,0.04602588564395905
f1017,0.012060000000000015,0.03935485001921654
f27,0.01202000000000003,0.03586178042411808
f773,0.011999999999999997,0.022985753417015083
f531,0.011959999999999998,0.04290598979949953
f915,0.011920000000000042,0.03287291395306589
f130,0.011899999999999994,0.03550979611158371
f9,0.01189999999999991,0.03142102936983106
f722,0.011840000000000003,0.03706826600551607
f919,0.011839999999999962,0.02728160615324976
f570,0.011819999999999997,0.03728407919168475
f239,0.011739999999999973,0.03835000787019729
f507,0.011720000000000008,0.03349217541217803
f431,0.011660000000000031,0.04055700703978534
f995,0.011659999999999893,0.03616822104096413
f1001,0.01162000000000002,0.031035142962932562
f51,0.011559999999999987,0.034808036090135594
f405,0.011440000000000006,0.023046706014871583
f947,0.011420000000000041,0.03541732334017752
f691,0.011419999999999986,0.0314560085773468
f309,0.011319999999999997,0.02602149274349214
f840,0.011220000000000008,0.037249268642663966
f622,0.011140000000000039,0.025994471764564566
f807,0.01108000000000009,0.025411161837577835
f156,0.011020000000000002,0.0332616495680809
f542,0.011020000000000002,0.03438137069821358
f34,0.01092,0.028834186946153605
f263,0.01090000000000002,0.03144709947228436
f463,0.01085999999999998,0.026992530623674377
f582,0.010820000000000052,0.02664710345387454
f943,0.010820000000000052,0.04014820506691931
f49,0.010800000000000032,0.02940407408833505
f529,0.010799999999999976,0.025126779460907005
f416,0.01072,0.0375519605958462
f714,0.010660000000000003,0.027550785670280444
f436,0.010639999999999983,0.03249839001059532
f295,0.010619999999999963,0.027691214801073057
f40,0.010619999999999963,0.018847683346271515
f850,0.010599999999999998,0.02975926639795301
f162,0.010599999999999943,0.031154878854751593
f227,0.010580000000000034,0.02679407690405847
f557,0.010579999999999923,0.031174182112216918
f801,0.010480000000000045,0.021328178895711897
f523,0.010480000000000045,0.029125628497600545
f187,0.010480000000000017,0.03750763563394547
f356,0.010460000000000025,0.03272556687355043
f845,0.010380000000000056,0.03690224044561391
f1018,0.010340000000000002,0.036306071460247044
f644,0.010300000000000087,0.023880234017372128
f224,0.010300000000000004,0.025347898687124247
f597,0.010300000000000004,0.026977228919267675
f157,0.010240000000000027,0.030341927224397696
f677,0.010220000000000007,0.02933413542509079
f651,0.010179999999999967,0.03187771771669387
f713,0.010160000000000002,0.034623685271739965
f777,0.010120000000000018,0.028243645333051702
f728,0.010099999999999998,0.03314519993782046
f796,0.010039999999999993,0.02360343409776691
f991,0.010039999999999993,0.028779645531177518
f1009,0.009979999999999989,0.02402359793901443
f186,0.009700000000000042,0.027046246860027302
f930,0.009699999999999931,0.0323525085890293
f990,0.009579999999999977,0.02726630129694939
f257,0.009480000000000002,0.03375252058148383
f742,0.009440000000000004,0.02669549626946449
f304,0.009440000000000004,0.02501799313902856
f628,0.009419999999999998,0.02126347365975376
f396,0.009419999999999984,0.02142387410402298
f541,0.009240000000000026,0.02859432889461518
f412,0.009179999999999966,0.020399067943096146
f741,0.009079999999999977,0.037800707334279995
f890,0.008919999999999928,0.02104719897150991
f246,0.008899999999999991,0.02235385805010796
f215,0.008879999999999999,0.02862713639974592
f181,0.008760000000000018,0.02610632529020311
f725,0.00875999999999999,0.030495801324844387
f465,0.008700000000000041,0.02788979382038114
f447,0.008660000000000001,0.02276000306963916
f4,0.008479999999999988,0.020219651103019737
f688,0.008360000000000034,0.029712776218652724
f293,0.008339999999999986,0.021048870078325267
f214,0.00825999999999999,0.024803216644525512
f997,0.008199999999999985,0.025032137968540195
f884,0.008020000000000027,0.016535420993566464
f350,0.007999999999999993,0.016600697753429424
f340,0.007979999999999987,0.025563585385084155
f140,0.00784000000000007,0.021326902006864563
f716,0.00766,0.028940550584793105
f316,0.00766,0.024702424495220195
f62,0.007460000000000022,0.025509855532646203
f965,0.007419999999999996,0.025011083601713183
f660,0.007180000000000006,0.014749035176038783
f110,0.007000000000000006,0.013606269077062621
f366,0.006939999999999946,0.020598792576789846
f216,0.0063,0.01365466422080992
