rank,feature_index,feature_name,importance_score
1,969,feature_969,0.0030665093
2,924,feature_924,0.002675782
3,885,feature_885,0.0026293297
4,349,feature_349,0.0026145724
5,673,feature_673,0.0025060708
6,548,feature_548,0.002493921
7,170,feature_170,0.0023748481
8,708,feature_708,0.0023550813
9,441,feature_441,0.002348251
10,827,feature_827,0.002326617
11,445,feature_445,0.002314617
12,145,feature_145,0.0022927437
13,868,feature_868,0.0022819608
14,305,feature_305,0.002276002
15,117,feature_117,0.0022718345
16,197,feature_197,0.0022449465
17,407,feature_407,0.0022049206
18,614,feature_614,0.0021560628
19,294,feature_294,0.0020915167
20,299,feature_299,0.0020873789
21,483,feature_483,0.00205656
22,234,feature_234,0.0020538743
23,8,feature_8,0.002040815
24,977,feature_977,0.0020357412
25,122,feature_122,0.0020300725
26,651,feature_651,0.0020281079
27,714,feature_714,0.0020049477
28,540,feature_540,0.0019870463
29,910,feature_910,0.001979449
30,47,feature_47,0.001973982
31,823,feature_823,0.0019458784
32,686,feature_686,0.0019437053
33,436,feature_436,0.0019424611
34,775,feature_775,0.0019422667
35,702,feature_702,0.0019322006
36,741,feature_741,0.0019165573
37,890,feature_890,0.0018944723
38,215,feature_215,0.0018922457
39,726,feature_726,0.0018844218
40,723,feature_723,0.0018788615
41,932,feature_932,0.0018714836
42,127,feature_127,0.0018592577
43,0,feature_0,0.0018336924
44,696,feature_696,0.001832822
45,78,feature_78,0.001825624
46,792,feature_792,0.0018245322
47,996,feature_996,0.0018205771
48,839,feature_839,0.0018102432
49,404,feature_404,0.0018051002
50,874,feature_874,0.0017994554
51,374,feature_374,0.0017994245
52,805,feature_805,0.0017945116
53,887,feature_887,0.0017935273
54,952,feature_952,0.0017905975
55,873,feature_873,0.0017883264
56,746,feature_746,0.0017836831
57,257,feature_257,0.0017794088
58,433,feature_433,0.00177711
59,202,feature_202,0.0017693683
60,112,feature_112,0.001767598
61,452,feature_452,0.001765583
62,653,feature_653,0.0017652791
63,83,feature_83,0.0017555862
64,210,feature_210,0.0017552653
65,814,feature_814,0.0017437137
66,473,feature_473,0.0017373379
67,267,feature_267,0.0017352842
68,154,feature_154,0.0017348552
69,744,feature_744,0.0017279019
70,60,feature_60,0.0017123641
71,392,feature_392,0.0017093762
72,1005,feature_1005,0.0017085982
73,648,feature_648,0.0017071078
74,293,feature_293,0.0016907555
75,37,feature_37,0.0016901158
76,13,feature_13,0.0016880735
77,843,feature_843,0.0016792652
78,477,feature_477,0.001670442
79,600,feature_600,0.0016687169
80,272,feature_272,0.0016675028
81,484,feature_484,0.0016628779
82,94,feature_94,0.001657868
83,537,feature_537,0.0016565733
84,205,feature_205,0.0016541193
85,262,feature_262,0.0016475855
86,25,feature_25,0.0016448754
87,73,feature_73,0.001643537
88,264,feature_264,0.0016426966
89,720,feature_720,0.0016378266
90,475,feature_475,0.0016367965
91,399,feature_399,0.001636049
92,662,feature_662,0.0016345005
93,466,feature_466,0.0016327993
94,245,feature_245,0.0016298844
95,390,feature_390,0.0016250132
96,464,feature_464,0.0016220754
97,134,feature_134,0.001620574
98,888,feature_888,0.0016155267
99,778,feature_778,0.0016141101
100,512,feature_512,0.0016115059
101,718,feature_718,0.0016104769
102,849,feature_849,0.0016102622
103,763,feature_763,0.001606896
104,462,feature_462,0.0016020355
105,725,feature_725,0.0015967876
106,612,feature_612,0.0015961733
107,572,feature_572,0.0015859053
108,565,feature_565,0.0015836417
109,282,feature_282,0.0015815223
110,321,feature_321,0.0015803447
111,743,feature_743,0.0015751246
112,943,feature_943,0.0015727184
113,141,feature_141,0.0015662591
114,11,feature_11,0.0015627802
115,280,feature_280,0.0015595016
116,602,feature_602,0.0015590297
117,729,feature_729,0.0015587294
118,666,feature_666,0.0015566029
119,442,feature_442,0.0015555662
120,222,feature_222,0.0015530696
121,546,feature_546,0.0015522264
122,530,feature_530,0.0015521788
123,455,feature_455,0.0015507588
124,398,feature_398,0.0015504824
125,104,feature_104,0.001546116
126,785,feature_785,0.0015460084
127,871,feature_871,0.0015420751
128,911,feature_911,0.0015377866
129,1010,feature_1010,0.001536178
130,904,feature_904,0.0015329339
131,678,feature_678,0.001531222
132,731,feature_731,0.0015174372
133,854,feature_854,0.0015166623
134,802,feature_802,0.0015159263
135,410,feature_410,0.001515079
136,233,feature_233,0.0015144363
137,808,feature_808,0.0015124625
138,764,feature_764,0.0015110632
139,668,feature_668,0.0015063701
140,631,feature_631,0.0015062296
141,613,feature_613,0.0015027914
142,295,feature_295,0.0015007462
143,247,feature_247,0.0014997238
144,71,feature_71,0.001497655
145,67,feature_67,0.0014900252
146,496,feature_496,0.0014891067
147,935,feature_935,0.0014883026
148,568,feature_568,0.0014881609
149,386,feature_386,0.0014801302
150,853,feature_853,0.0014697319
151,758,feature_758,0.0014666952
152,656,feature_656,0.0014655405
153,131,feature_131,0.0014630747
154,491,feature_491,0.0014595176
155,300,feature_300,0.0014561343
156,552,feature_552,0.0014537753
157,90,feature_90,0.0014527164
158,571,feature_571,0.0014407892
159,297,feature_297,0.0014326349
160,559,feature_559,0.0014320385
161,315,feature_315,0.001431392
162,875,feature_875,0.0014296938
163,186,feature_186,0.0014259764
164,811,feature_811,0.0014259486
165,465,feature_465,0.0014251228
166,916,feature_916,0.001417909
167,513,feature_513,0.0014144512
168,237,feature_237,0.0014124562
169,902,feature_902,0.0014119087
170,669,feature_669,0.0014115111
171,588,feature_588,0.0014104879
172,489,feature_489,0.0014079063
173,451,feature_451,0.0014074803
174,701,feature_701,0.0014018024
175,308,feature_308,0.0013879711
176,474,feature_474,0.00138436
177,265,feature_265,0.001383798
178,102,feature_102,0.0013834583
179,198,feature_198,0.0013834402
180,532,feature_532,0.0013826276
181,389,feature_389,0.0013810697
182,159,feature_159,0.0013785636
183,366,feature_366,0.0013742106
184,964,feature_964,0.0013711364
185,867,feature_867,0.0013695662
186,508,feature_508,0.0013661542
187,816,feature_816,0.0013636999
188,709,feature_709,0.0013607922
189,771,feature_771,0.0013596588
190,745,feature_745,0.0013593525
191,368,feature_368,0.0013581238
192,173,feature_173,0.0013579676
193,142,feature_142,0.0013527122
194,273,feature_273,0.0013525219
195,968,feature_968,0.0013512799
196,501,feature_501,0.0013487973
197,81,feature_81,0.0013485817
198,503,feature_503,0.0013476575
199,32,feature_32,0.0013386804
200,130,feature_130,0.0013377166
201,30,feature_30,0.001330953
202,314,feature_314,0.0013257763
203,579,feature_579,0.001321123
204,311,feature_311,0.0013203509
205,91,feature_91,0.0013196227
206,9,feature_9,0.001315533
207,281,feature_281,0.0013148668
208,59,feature_59,0.0013132669
209,660,feature_660,0.00131174
210,593,feature_593,0.0013115137
211,981,feature_981,0.00130951
212,886,feature_886,0.0013081096
213,120,feature_120,0.0013079267
214,734,feature_734,0.0013072396
215,58,feature_58,0.0013053286
216,635,feature_635,0.0013047163
217,413,feature_413,0.0013033979
218,443,feature_443,0.00130159
219,39,feature_39,0.0013012192
220,735,feature_735,0.0013011777
221,1022,feature_1022,0.0012990113
222,820,feature_820,0.001295862
223,759,feature_759,0.0012947626
224,518,feature_518,0.0012940831
225,65,feature_65,0.001293713
226,898,feature_898,0.0012929057
227,830,feature_830,0.0012917703
228,77,feature_77,0.0012876302
229,384,feature_384,0.0012861759
230,753,feature_753,0.0012857273
231,66,feature_66,0.0012856539
232,630,feature_630,0.001285456
233,219,feature_219,0.0012841575
234,1000,feature_1000,0.0012839675
235,861,feature_861,0.0012808646
236,95,feature_95,0.0012807503
237,626,feature_626,0.0012799876
238,506,feature_506,0.0012796385
239,27,feature_27,0.0012786443
240,752,feature_752,0.001276408
241,671,feature_671,0.001275626
242,339,feature_339,0.0012724851
243,837,feature_837,0.0012703483
244,756,feature_756,0.0012689703
245,595,feature_595,0.0012685428
246,899,feature_899,0.0012672009
247,310,feature_310,0.0012670616
248,275,feature_275,0.0012669683
249,246,feature_246,0.0012665007
250,367,feature_367,0.0012640264
251,960,feature_960,0.0012631612
252,863,feature_863,0.0012615694
253,68,feature_68,0.0012569696
254,590,feature_590,0.0012524547
255,460,feature_460,0.0012486491
256,123,feature_123,0.0012481598
257,901,feature_901,0.0012469398
258,985,feature_985,0.0012427334
259,865,feature_865,0.001240282
260,333,feature_333,0.0012399985
261,878,feature_878,0.0012375743
262,111,feature_111,0.0012372758
263,457,feature_457,0.0012370351
264,949,feature_949,0.0012344365
265,638,feature_638,0.001228945
266,937,feature_937,0.0012261969
267,324,feature_324,0.0012251271
268,1019,feature_1019,0.001224391
269,16,feature_16,0.0012228971
270,337,feature_337,0.0012196471
271,819,feature_819,0.0012192421
272,204,feature_204,0.0012168459
273,603,feature_603,0.0012134031
274,340,feature_340,0.0012124828
275,256,feature_256,0.0012118674
276,203,feature_203,0.0012099849
277,907,feature_907,0.0012094219
278,722,feature_722,0.001208738
279,831,feature_831,0.0012084869
280,239,feature_239,0.0012064818
281,28,feature_28,0.0012054489
282,283,feature_283,0.0012025633
283,330,feature_330,0.001200985
284,999,feature_999,0.0011973492
285,658,feature_658,0.0011966235
286,832,feature_832,0.0011954235
287,995,feature_995,0.0011952408
288,453,feature_453,0.0011946115
289,298,feature_298,0.0011934281
290,160,feature_160,0.0011916924
291,760,feature_760,0.0011876882
292,876,feature_876,0.0011867976
293,841,feature_841,0.0011844265
294,998,feature_998,0.0011840068
295,99,feature_99,0.0011837104
296,655,feature_655,0.0011829966
297,929,feature_929,0.0011816494
298,893,feature_893,0.0011795717
299,817,feature_817,0.0011790183
300,438,feature_438,0.001172621
301,679,feature_679,0.0011706607
302,481,feature_481,0.0011698476
303,917,feature_917,0.0011674064
304,986,feature_986,0.0011671593
305,948,feature_948,0.0011671553
306,519,feature_519,0.0011667816
307,327,feature_327,0.0011645998
308,674,feature_674,0.0011642971
309,57,feature_57,0.0011590067
310,216,feature_216,0.0011582214
311,855,feature_855,0.001158175
312,10,feature_10,0.0011580497
313,533,feature_533,0.001157577
314,700,feature_700,0.0011568028
315,448,feature_448,0.0011562112
316,486,feature_486,0.0011556172
317,200,feature_200,0.001154496
318,640,feature_640,0.0011531851
319,822,feature_822,0.0011488578
320,45,feature_45,0.0011474343
321,980,feature_980,0.0011434013
322,755,feature_755,0.0011419302
323,302,feature_302,0.0011387672
324,75,feature_75,0.0011362849
325,954,feature_954,0.001135662
326,244,feature_244,0.0011346752
327,254,feature_254,0.0011322156
328,884,feature_884,0.0011317632
329,135,feature_135,0.0011303053
330,797,feature_797,0.0011295526
331,223,feature_223,0.0011292206
332,870,feature_870,0.0011276598
333,5,feature_5,0.0011273022
334,992,feature_992,0.0011262642
335,1016,feature_1016,0.0011248693
336,769,feature_769,0.0011214617
337,285,feature_285,0.0011210047
338,1013,feature_1013,0.0011195833
339,69,feature_69,0.0011173507
340,892,feature_892,0.0011162268
341,176,feature_176,0.001115805
342,703,feature_703,0.001115161
343,289,feature_289,0.001114674
344,405,feature_405,0.0011145835
345,207,feature_207,0.0011115147
346,196,feature_196,0.0011108797
347,543,feature_543,0.0011104586
348,271,feature_271,0.0011036962
349,472,feature_472,0.0011014212
350,495,feature_495,0.0011002265
351,456,feature_456,0.001099744
352,238,feature_238,0.0010987795
353,125,feature_125,0.0010968866
354,667,feature_667,0.001096133
355,266,feature_266,0.0010951215
356,461,feature_461,0.0010945135
357,545,feature_545,0.0010931742
358,277,feature_277,0.0010914451
359,1015,feature_1015,0.0010904822
360,249,feature_249,0.001088915
361,765,feature_765,0.0010886451
362,670,feature_670,0.0010844608
363,695,feature_695,0.0010840626
364,424,feature_424,0.0010838234
365,625,feature_625,0.0010817023
366,531,feature_531,0.0010805501
367,555,feature_555,0.0010795417
368,318,feature_318,0.0010787556
369,601,feature_601,0.0010782862
370,171,feature_171,0.0010778685
371,524,feature_524,0.001076648
372,652,feature_652,0.0010760702
373,169,feature_169,0.0010753506
374,582,feature_582,0.0010746218
375,791,feature_791,0.0010735751
376,56,feature_56,0.0010720422
377,370,feature_370,0.0010698148
378,301,feature_301,0.0010691395
379,35,feature_35,0.0010683917
380,583,feature_583,0.0010670263
381,149,feature_149,0.0010634372
382,930,feature_930,0.0010573141
383,869,feature_869,0.0010553334
384,541,feature_541,0.0010552872
385,139,feature_139,0.0010548807
386,881,feature_881,0.0010531963
387,218,feature_218,0.001051301
388,838,feature_838,0.0010496838
389,341,feature_341,0.0010489437
390,605,feature_605,0.0010482948
391,581,feature_581,0.0010470663
392,877,feature_877,0.0010456874
393,1017,feature_1017,0.0010445507
394,900,feature_900,0.0010429787
395,144,feature_144,0.0010418018
396,972,feature_972,0.0010417567
397,945,feature_945,0.001040367
398,732,feature_732,0.0010378839
399,338,feature_338,0.0010373814
400,140,feature_140,0.0010327379
401,502,feature_502,0.0010324512
402,918,feature_918,0.0010324469
403,213,feature_213,0.0010259409
404,558,feature_558,0.0010251558
405,226,feature_226,0.0010220895
406,906,feature_906,0.0010195733
407,794,feature_794,0.0010194125
408,146,feature_146,0.0010190428
409,158,feature_158,0.0010178661
410,288,feature_288,0.0010175323
411,14,feature_14,0.0010170296
412,129,feature_129,0.0010161161
413,408,feature_408,0.0010147478
414,908,feature_908,0.0010134514
415,328,feature_328,0.0010131666
416,334,feature_334,0.0010110455
417,575,feature_575,0.0010094586
418,538,feature_538,0.0010087747
419,1004,feature_1004,0.0010059207
420,175,feature_175,0.0010050894
421,636,feature_636,0.0010050848
422,61,feature_61,0.0010042614
423,23,feature_23,0.0010025438
424,292,feature_292,0.0010014784
425,515,feature_515,0.0010014046
426,685,feature_685,0.0009984352
427,417,feature_417,0.0009982672
428,580,feature_580,0.0009971914
429,770,feature_770,0.0009965701
430,209,feature_209,0.000994259
431,72,feature_72,0.0009936152
432,132,feature_132,0.0009908044
433,115,feature_115,0.0009882177
434,694,feature_694,0.0009858458
435,762,feature_762,0.0009856587
436,629,feature_629,0.0009811744
437,576,feature_576,0.0009805508
438,528,feature_528,0.0009800487
439,566,feature_566,0.0009794867
440,768,feature_768,0.0009789894
441,852,feature_852,0.0009786673
442,850,feature_850,0.0009780099
443,479,feature_479,0.0009778701
444,97,feature_97,0.00097609655
445,194,feature_194,0.0009745993
446,114,feature_114,0.00097311573
447,609,feature_609,0.00097229105
448,128,feature_128,0.00097112637
449,1014,feature_1014,0.0009707518
450,646,feature_646,0.0009699522
451,449,feature_449,0.00096850656
452,645,feature_645,0.000968059
453,786,feature_786,0.0009671315
454,654,feature_654,0.0009663772
455,947,feature_947,0.00096180284
456,940,feature_940,0.00096111203
457,616,feature_616,0.00096102216
458,49,feature_49,0.0009598076
459,510,feature_510,0.0009561158
460,161,feature_161,0.0009539407
461,931,feature_931,0.00095285213
462,815,feature_815,0.00095218414
463,632,feature_632,0.0009520614
464,766,feature_766,0.00095173926
465,33,feature_33,0.0009506245
466,42,feature_42,0.00094895985
467,43,feature_43,0.00094779156
468,41,feature_41,0.0009460031
469,551,feature_551,0.0009429744
470,411,feature_411,0.00094153656
471,133,feature_133,0.00093840226
472,363,feature_363,0.0009373775
473,783,feature_783,0.0009370734
474,251,feature_251,0.0009361349
475,70,feature_70,0.00093300216
476,683,feature_683,0.00093156303
477,967,feature_967,0.00093074987
478,166,feature_166,0.0009289461
479,369,feature_369,0.0009289161
480,470,feature_470,0.0009272271
481,824,feature_824,0.00092599913
482,51,feature_51,0.0009248744
483,371,feature_371,0.0009238707
484,54,feature_54,0.0009230696
485,946,feature_946,0.0009215463
486,188,feature_188,0.00092075707
487,259,feature_259,0.0009205967
488,642,feature_642,0.0009188987
489,255,feature_255,0.00091712235
490,422,feature_422,0.0009168979
491,447,feature_447,0.0009164176
492,556,feature_556,0.0009155028
493,342,feature_342,0.00091407105
494,458,feature_458,0.00091246585
495,719,feature_719,0.00091241446
496,597,feature_597,0.00091214204
497,113,feature_113,0.0009113272
498,644,feature_644,0.0009111669
499,677,feature_677,0.00090924976
500,650,feature_650,0.00090899464
501,89,feature_89,0.00090894196
502,730,feature_730,0.00090557436
503,773,feature_773,0.00090509135
504,492,feature_492,0.0009026788
505,560,feature_560,0.00090164883
506,608,feature_608,0.0009004854
507,258,feature_258,0.00089940237
508,516,feature_516,0.00089850044
509,781,feature_781,0.00089223345
510,1001,feature_1001,0.00088858465
511,278,feature_278,0.00088776415
512,214,feature_214,0.0008875918
513,896,feature_896,0.0008844769
514,480,feature_480,0.0008834166
515,795,feature_795,0.00088140316
516,953,feature_953,0.00088075094
517,107,feature_107,0.000880703
518,360,feature_360,0.00087996735
519,31,feature_31,0.00087838364
520,767,feature_767,0.00087716256
521,821,feature_821,0.0008753771
522,317,feature_317,0.0008745779
523,984,feature_984,0.0008743962
524,539,feature_539,0.0008705262
525,440,feature_440,0.0008691359
526,225,feature_225,0.00086902984
527,672,feature_672,0.0008688242
528,622,feature_622,0.000868578
529,517,feature_517,0.00086791767
530,87,feature_87,0.0008677386
531,615,feature_615,0.0008665655
532,988,feature_988,0.0008656662
533,536,feature_536,0.0008654858
534,319,feature_319,0.0008653273
535,253,feature_253,0.00086440594
536,74,feature_74,0.00086336397
537,993,feature_993,0.00086329365
538,184,feature_184,0.0008617805
539,915,feature_915,0.00086041127
540,623,feature_623,0.00085845904
541,148,feature_148,0.0008584301
542,388,feature_388,0.0008575835
543,101,feature_101,0.00085730065
544,467,feature_467,0.00085701304
545,482,feature_482,0.0008564587
546,26,feature_26,0.00085641025
547,562,feature_562,0.0008562439
548,620,feature_620,0.0008545474
549,224,feature_224,0.0008540691
550,933,feature_933,0.0008532567
551,507,feature_507,0.0008527752
552,707,feature_707,0.000852589
553,350,feature_350,0.0008522489
554,242,feature_242,0.00085023796
555,617,feature_617,0.0008492215
556,549,feature_549,0.0008491281
557,883,feature_883,0.0008488732
558,950,feature_950,0.00084851886
559,397,feature_397,0.00084773684
560,88,feature_88,0.0008476638
561,323,feature_323,0.0008474801
562,34,feature_34,0.0008469147
563,406,feature_406,0.00084665
564,747,feature_747,0.0008460493
565,944,feature_944,0.00084450084
566,634,feature_634,0.00084314967
567,663,feature_663,0.0008429433
568,928,feature_928,0.000842291
569,24,feature_24,0.000841201
570,93,feature_93,0.0008403225
571,535,feature_535,0.0008396303
572,836,feature_836,0.00083942694
573,243,feature_243,0.0008390839
574,326,feature_326,0.00083708524
575,647,feature_647,0.0008364215
576,17,feature_17,0.00083406566
577,138,feature_138,0.000833838
578,22,feature_22,0.00083359476
579,383,feature_383,0.0008328617
580,12,feature_12,0.0008325571
581,353,feature_353,0.00083128794
582,444,feature_444,0.0008307122
583,962,feature_962,0.00083032943
584,909,feature_909,0.0008299069
585,230,feature_230,0.0008298175
586,163,feature_163,0.0008293478
587,236,feature_236,0.00082884455
588,98,feature_98,0.0008285052
589,100,feature_100,0.0008269354
590,29,feature_29,0.0008256812
591,757,feature_757,0.0008255298
592,274,feature_274,0.0008255104
593,241,feature_241,0.0008248629
594,958,feature_958,0.00082324113
595,206,feature_206,0.00082151755
596,688,feature_688,0.0008208415
597,971,feature_971,0.0008203624
598,439,feature_439,0.0008203082
599,291,feature_291,0.0008201316
600,6,feature_6,0.00082011934
601,903,feature_903,0.0008199192
602,956,feature_956,0.00081967306
603,152,feature_152,0.0008186872
604,1020,feature_1020,0.00081552874
605,882,feature_882,0.00081369205
606,1018,feature_1018,0.0008133458
607,976,feature_976,0.0008124043
608,103,feature_103,0.0008118365
609,498,feature_498,0.00081145734
610,423,feature_423,0.00080994755
611,191,feature_191,0.0008087274
612,938,feature_938,0.0008080588
613,641,feature_641,0.00080680614
614,469,feature_469,0.0008062036
615,941,feature_941,0.0008059829
616,801,feature_801,0.0008056294
617,248,feature_248,0.00080364395
618,364,feature_364,0.00080091855
619,468,feature_468,0.00080014055
620,172,feature_172,0.0008000561
621,997,feature_997,0.0007992545
622,534,feature_534,0.0007983654
623,606,feature_606,0.000797819
624,348,feature_348,0.00079759036
625,63,feature_63,0.000797326
626,628,feature_628,0.0007971349
627,487,feature_487,0.0007970364
628,895,feature_895,0.0007964445
629,471,feature_471,0.0007959834
630,925,feature_925,0.00079329463
631,136,feature_136,0.0007923715
632,325,feature_325,0.0007913512
633,344,feature_344,0.00079041184
634,15,feature_15,0.0007879417
635,155,feature_155,0.00078562513
636,2,feature_2,0.00078555004
637,991,feature_991,0.0007854977
638,803,feature_803,0.0007846295
639,936,feature_936,0.0007817485
640,307,feature_307,0.00078019203
641,919,feature_919,0.0007800578
642,542,feature_542,0.0007799708
643,847,feature_847,0.00077765057
644,963,feature_963,0.0007772038
645,527,feature_527,0.00077634363
646,826,feature_826,0.0007744128
647,332,feature_332,0.0007715971
648,320,feature_320,0.0007708997
649,44,feature_44,0.0007700224
650,657,feature_657,0.0007700034
651,106,feature_106,0.00076821755
652,109,feature_109,0.00076687796
653,894,feature_894,0.0007623368
654,55,feature_55,0.00075999845
655,779,feature_779,0.0007596834
656,799,feature_799,0.00075864425
657,416,feature_416,0.00075803447
658,711,feature_711,0.00075769477
659,927,feature_927,0.00075669156
660,789,feature_789,0.0007564038
661,52,feature_52,0.00075628376
662,284,feature_284,0.00075312593
663,990,feature_990,0.0007512816
664,690,feature_690,0.0007488048
665,957,feature_957,0.0007476495
666,40,feature_40,0.0007467406
667,966,feature_966,0.00074542034
668,921,feature_921,0.0007443695
669,807,feature_807,0.0007440538
670,187,feature_187,0.00074360234
671,303,feature_303,0.0007426566
672,987,feature_987,0.0007422772
673,53,feature_53,0.0007417728
674,263,feature_263,0.0007398742
675,599,feature_599,0.0007373827
676,150,feature_150,0.0007362638
677,421,feature_421,0.0007347044
678,812,feature_812,0.00073456654
679,409,feature_409,0.0007303768
680,675,feature_675,0.0007282316
681,691,feature_691,0.0007278104
682,177,feature_177,0.0007266463
683,329,feature_329,0.00072602805
684,610,feature_610,0.00072503183
685,217,feature_217,0.00072406634
686,697,feature_697,0.00072078826
687,488,feature_488,0.00071764644
688,429,feature_429,0.00071728474
689,493,feature_493,0.00071712903
690,829,feature_829,0.00071499404
691,137,feature_137,0.0007147585
692,167,feature_167,0.00071224227
693,699,feature_699,0.0007119417
694,178,feature_178,0.00071164354
695,961,feature_961,0.0007106137
696,750,feature_750,0.0007095421
697,64,feature_64,0.00070329144
698,780,feature_780,0.0007031981
699,742,feature_742,0.0007020469
700,1012,feature_1012,0.00070095214
701,912,feature_912,0.0007007104
702,346,feature_346,0.0007006925
703,842,feature_842,0.0007004428
704,774,feature_774,0.0006997004
705,199,feature_199,0.00069939427
706,809,feature_809,0.00069893425
707,420,feature_420,0.0006986206
708,362,feature_362,0.0006984339
709,511,feature_511,0.00069764536
710,357,feature_357,0.000696606
711,126,feature_126,0.0006958525
712,974,feature_974,0.0006932654
713,335,feature_335,0.00069218973
714,156,feature_156,0.0006920875
715,269,feature_269,0.0006914057
716,798,feature_798,0.0006906839
717,151,feature_151,0.00069001055
718,195,feature_195,0.0006878051
719,162,feature_162,0.0006857346
720,561,feature_561,0.00068506505
721,359,feature_359,0.0006839416
722,304,feature_304,0.00068314536
723,880,feature_880,0.0006830733
724,970,feature_970,0.0006829227
725,402,feature_402,0.0006827677
726,376,feature_376,0.00068110164
727,920,feature_920,0.0006810697
728,959,feature_959,0.00068101054
729,478,feature_478,0.0006794526
730,182,feature_182,0.00067896437
731,523,feature_523,0.0006767419
732,905,feature_905,0.0006766791
733,185,feature_185,0.00067482423
734,782,feature_782,0.0006747753
735,119,feature_119,0.00067468866
736,1003,feature_1003,0.00067366613
737,380,feature_380,0.00067355344
738,208,feature_208,0.0006724403
739,1023,feature_1023,0.00067031477
740,705,feature_705,0.00067013566
741,428,feature_428,0.0006691093
742,727,feature_727,0.0006684479
743,835,feature_835,0.00066811556
744,951,feature_951,0.0006674813
745,1009,feature_1009,0.0006672523
746,736,feature_736,0.0006644375
747,446,feature_446,0.0006640073
748,504,feature_504,0.00066371245
749,412,feature_412,0.0006634331
750,810,feature_810,0.00066174153
751,840,feature_840,0.00066154887
752,505,feature_505,0.00065707957
753,313,feature_313,0.00065634615
754,110,feature_110,0.0006561873
755,290,feature_290,0.00065435434
756,738,feature_738,0.000652277
757,848,feature_848,0.00064910785
758,189,feature_189,0.00064860034
759,343,feature_343,0.00064852246
760,776,feature_776,0.00064812065
761,570,feature_570,0.0006476478
762,680,feature_680,0.0006474968
763,373,feature_373,0.00064617646
764,788,feature_788,0.0006454046
765,994,feature_994,0.00064536586
766,712,feature_712,0.0006451042
767,624,feature_624,0.0006412439
768,211,feature_211,0.00063993735
769,92,feature_92,0.0006396826
770,973,feature_973,0.00063800265
771,96,feature_96,0.0006377444
772,846,feature_846,0.00063654524
773,403,feature_403,0.0006365108
774,19,feature_19,0.00063545286
775,544,feature_544,0.0006351935
776,361,feature_361,0.0006343522
777,365,feature_365,0.00063406356
778,279,feature_279,0.0006337195
779,913,feature_913,0.00063331384
780,276,feature_276,0.00063279056
781,851,feature_851,0.0006318531
782,385,feature_385,0.0006283591
783,345,feature_345,0.0006274937
784,529,feature_529,0.00062709965
785,252,feature_252,0.00062700966
786,793,feature_793,0.0006266786
787,431,feature_431,0.0006255806
788,190,feature_190,0.0006248202
789,378,feature_378,0.0006241068
790,693,feature_693,0.0006218386
791,38,feature_38,0.0006210634
792,375,feature_375,0.00062027
793,914,feature_914,0.0006202218
794,1002,feature_1002,0.00061724277
795,358,feature_358,0.00061680016
796,844,feature_844,0.0006166498
797,787,feature_787,0.00061577925
798,121,feature_121,0.0006136841
799,79,feature_79,0.00061177486
800,174,feature_174,0.0006116521
801,306,feature_306,0.0006107161
802,955,feature_955,0.0006100897
803,356,feature_356,0.00060912536
804,589,feature_589,0.00060655695
805,897,feature_897,0.00060638995
806,594,feature_594,0.0006060904
807,942,feature_942,0.00060214696
808,355,feature_355,0.0006011575
809,514,feature_514,0.0006007432
810,676,feature_676,0.00060057495
811,525,feature_525,0.0005998812
812,664,feature_664,0.00059934583
813,661,feature_661,0.0005993149
814,813,feature_813,0.00059813086
815,866,feature_866,0.00059373566
816,748,feature_748,0.0005935106
817,800,feature_800,0.0005919216
818,649,feature_649,0.0005915567
819,862,feature_862,0.0005905354
820,922,feature_922,0.0005899662
821,391,feature_391,0.0005887231
822,270,feature_270,0.00058850064
823,825,feature_825,0.0005867472
824,432,feature_432,0.00058673695
825,153,feature_153,0.00058644154
826,659,feature_659,0.00058331183
827,983,feature_983,0.0005803629
828,351,feature_351,0.0005800959
829,192,feature_192,0.0005798261
830,557,feature_557,0.0005761119
831,250,feature_250,0.00057600514
832,607,feature_607,0.00057538535
833,231,feature_231,0.0005738531
834,309,feature_309,0.00057351287
835,86,feature_86,0.00056554645
836,573,feature_573,0.00056354364
837,979,feature_979,0.0005634306
838,499,feature_499,0.0005634101
839,84,feature_84,0.00056241686
840,618,feature_618,0.0005622209
841,547,feature_547,0.000561556
842,393,feature_393,0.0005615535
843,587,feature_587,0.0005589716
844,1011,feature_1011,0.0005582441
845,415,feature_415,0.00055375183
846,157,feature_157,0.0005507054
847,520,feature_520,0.0005505678
848,372,feature_372,0.0005504126
849,268,feature_268,0.0005487442
850,716,feature_716,0.00054635113
851,414,feature_414,0.0005435533
852,577,feature_577,0.0005411577
853,331,feature_331,0.0005406796
854,717,feature_717,0.0005395812
855,425,feature_425,0.0005389325
856,550,feature_550,0.0005372038
857,687,feature_687,0.0005350582
858,739,feature_739,0.0005349052
859,526,feature_526,0.0005345245
860,698,feature_698,0.0005315909
861,569,feature_569,0.00052534713
862,21,feature_21,0.0005239027
863,740,feature_740,0.0005213667
864,426,feature_426,0.0005203742
865,749,feature_749,0.0005190311
866,751,feature_751,0.0005172903
867,7,feature_7,0.0005155088
868,619,feature_619,0.00051504077
869,168,feature_168,0.00051421125
870,387,feature_387,0.0005135538
871,724,feature_724,0.0005114032
872,352,feature_352,0.0005109087
873,857,feature_857,0.00051009806
874,108,feature_108,0.00050944404
875,434,feature_434,0.0005094017
876,463,feature_463,0.0005077979
877,692,feature_692,0.0005077809
878,834,feature_834,0.00050723454
879,379,feature_379,0.0005063488
880,975,feature_975,0.0005063257
881,396,feature_396,0.00050396
882,490,feature_490,0.0005031609
883,923,feature_923,0.0005022346
884,864,feature_864,0.00050207326
885,401,feature_401,0.0005019959
886,80,feature_80,0.0005012441
887,382,feature_382,0.00049999537
888,227,feature_227,0.0004996504
889,965,feature_965,0.00049912155
890,522,feature_522,0.00049787416
891,1006,feature_1006,0.00049730524
892,858,feature_858,0.00049543986
893,118,feature_118,0.00049535756
894,494,feature_494,0.00049239397
895,400,feature_400,0.0004913753
896,598,feature_598,0.00048746532
897,604,feature_604,0.00048674693
898,485,feature_485,0.00048586808
899,1021,feature_1021,0.00048482738
900,715,feature_715,0.00048461262
901,818,feature_818,0.00048369833
902,889,feature_889,0.00048013116
903,796,feature_796,0.00047900103
904,228,feature_228,0.00047691845
905,939,feature_939,0.00047459555
906,806,feature_806,0.0004744878
907,193,feature_193,0.00047351856
908,891,feature_891,0.00047113668
909,105,feature_105,0.00047105964
910,201,feature_201,0.00047071802
911,706,feature_706,0.0004678163
912,596,feature_596,0.0004671893
913,681,feature_681,0.00046635227
914,235,feature_235,0.00046479295
915,586,feature_586,0.0004612272
916,229,feature_229,0.0004586711
917,500,feature_500,0.00045706093
918,591,feature_591,0.00045578394
919,1,feature_1,0.00045097884
920,689,feature_689,0.00044796267
921,578,feature_578,0.00044778036
922,46,feature_46,0.00044661708
923,978,feature_978,0.0004464296
924,220,feature_220,0.00044552647
925,860,feature_860,0.0004453761
926,164,feature_164,0.0004414406
927,856,feature_856,0.00043868175
928,989,feature_989,0.00043790392
929,553,feature_553,0.0004362847
930,18,feature_18,0.00043453116
931,212,feature_212,0.00043340432
932,872,feature_872,0.00042966852
933,394,feature_394,0.00042889378
934,76,feature_76,0.0004222388
935,240,feature_240,0.00042101755
936,419,feature_419,0.00042072922
937,354,feature_354,0.0004178605
938,521,feature_521,0.00041720632
939,554,feature_554,0.00041274252
940,585,feature_585,0.00041272893
941,347,feature_347,0.00041136306
942,879,feature_879,0.00041127123
943,312,feature_312,0.00041053168
944,435,feature_435,0.00040891248
945,183,feature_183,0.00040828256
946,377,feature_377,0.00040740048
947,143,feature_143,0.00040652268
948,165,feature_165,0.0004060655
949,476,feature_476,0.00040594707
950,20,feature_20,0.0004055913
951,459,feature_459,0.00040541994
952,564,feature_564,0.00040535524
953,180,feature_180,0.00040176447
954,395,feature_395,0.00040133105
955,260,feature_260,0.00039992342
956,627,feature_627,0.00039986978
957,454,feature_454,0.00039826578
958,926,feature_926,0.00039677226
959,82,feature_82,0.00039659574
960,3,feature_3,0.00039533735
961,704,feature_704,0.000395273
962,497,feature_497,0.00039287418
963,772,feature_772,0.00039256577
964,116,feature_116,0.0003913819
965,62,feature_62,0.00039060874
966,322,feature_322,0.00039021063
967,50,feature_50,0.00038892648
968,828,feature_828,0.00038854993
969,287,feature_287,0.00038783025
970,643,feature_643,0.00038656293
971,427,feature_427,0.0003790793
972,761,feature_761,0.00037694015
973,833,feature_833,0.00037660077
974,713,feature_713,0.0003753367
975,721,feature_721,0.00037448906
976,286,feature_286,0.0003730402
977,733,feature_733,0.00037008457
978,567,feature_567,0.00036751255
979,859,feature_859,0.00036739398
980,777,feature_777,0.00036691542
981,418,feature_418,0.00036551076
982,147,feature_147,0.00036489184
983,4,feature_4,0.0003647633
984,728,feature_728,0.00036454745
985,1007,feature_1007,0.000362229
986,450,feature_450,0.00035963202
987,48,feature_48,0.00035578653
988,637,feature_637,0.00035517054
989,437,feature_437,0.00035469703
990,181,feature_181,0.00035423198
991,563,feature_563,0.0003536916
992,221,feature_221,0.0003509925
993,296,feature_296,0.00034977772
994,684,feature_684,0.0003459229
995,845,feature_845,0.0003441844
996,754,feature_754,0.0003436233
997,611,feature_611,0.00034256888
998,804,feature_804,0.0003419398
999,85,feature_85,0.0003402968
1000,790,feature_790,0.00033949813
1001,336,feature_336,0.00033757227
1002,682,feature_682,0.00033696866
1003,509,feature_509,0.00033419012
1004,381,feature_381,0.00033277363
1005,639,feature_639,0.0003316564
1006,934,feature_934,0.00032644058
1007,592,feature_592,0.00032634454
1008,584,feature_584,0.00032564483
1009,1008,feature_1008,0.0003230434
1010,232,feature_232,0.00032250994
1011,665,feature_665,0.00032104127
1012,982,feature_982,0.0003121122
1013,633,feature_633,0.0003055369
1014,179,feature_179,0.00029503918
1015,784,feature_784,0.00029113278
1016,710,feature_710,0.00029025442
1017,621,feature_621,0.00028847315
1018,261,feature_261,0.0002882495
1019,430,feature_430,0.00028768068
1020,737,feature_737,0.00028140057
1021,124,feature_124,0.000279862
1022,316,feature_316,0.00025802554
1023,574,feature_574,0.00023556036
1024,36,feature_36,0.00020958329
